{"cells":[{"type":"devs.Model","size":{"width":90,"height":90},"inPorts":["in1","in2"],"outPorts":["out"],"position":{"x":94,"y":114},"angle":0,"id":"db1c2cd0-6d72-4f9f-8a6c-78707609249a","embeds":"","z":1,"attrs":{".label":{"text":"EMPLEADO\nid: int\n+getId()"},"rect":{"fill":"#feb662"},".inPorts circle":{"fill":"#16A085"},".outPorts circle":{"fill":"#E74C3C"},".inPorts>.port0>.port-label":{"text":"in1"},".inPorts>.port0>.port-body":{"port":{"id":"in1","type":"in"}},".inPorts>.port0":{"ref":".body","ref-y":0.25},".inPorts>.port1>.port-label":{"text":"in2"},".inPorts>.port1>.port-body":{"port":{"id":"in2","type":"in"}},".inPorts>.port1":{"ref":".body","ref-y":0.75},".outPorts>.port0>.port-label":{"text":"out"},".outPorts>.port0>.port-body":{"port":{"id":"out","type":"out"}},".outPorts>.port0":{"ref":".body","ref-y":0.5,"ref-dx":0}}},{"type":"devs.Model","size":{"width":90,"height":90},"inPorts":["in1","in2"],"outPorts":["out"],"position":{"x":622,"y":184},"angle":0,"id":"d45f2bb5-7dd2-48d5-80ec-e9d2ec443f16","embeds":"","z":2,"attrs":{".label":{"text":"CLASE\nid: int\nnombre: string\n+setNombre()\n+getNombre()"},"rect":{"fill":"#feb662"},".inPorts circle":{"fill":"#16A085"},".outPorts circle":{"fill":"#E74C3C"},".inPorts>.port0>.port-label":{"text":"in1"},".inPorts>.port0>.port-body":{"port":{"id":"in1","type":"in"}},".inPorts>.port0":{"ref":".body","ref-y":0.25},".inPorts>.port1>.port-label":{"text":"in2"},".inPorts>.port1>.port-body":{"port":{"id":"in2","type":"in"}},".inPorts>.port1":{"ref":".body","ref-y":0.75},".outPorts>.port0>.port-label":{"text":"out"},".outPorts>.port0>.port-body":{"port":{"id":"out","type":"out"}},".outPorts>.port0":{"ref":".body","ref-y":0.5,"ref-dx":0}}},{"type":"link","source":{"id":"db1c2cd0-6d72-4f9f-8a6c-78707609249a","selector":"g:nth-child(1) > g:nth-child(4) > g:nth-child(1) > circle:nth-child(1)","port":"out"},"target":{"id":"d45f2bb5-7dd2-48d5-80ec-e9d2ec443f16","port":"in1","selector":"g:nth-child(1) > g:nth-child(3) > g:nth-child(1) > circle:nth-child(1)"},"id":"2bfd6e47-89c1-4513-a166-a1f98ddb557a","embeds":"","z":3,"attrs":{".marker-target":{"d":"M 10 0 L 0 5 L 10 10 z"},".marker-source":{"d":"M 10 0 L 0 5 L 10 10 z"}}}]}